area,group,zone,level,coverage,captures,changes,resident
B1_LAUNDRY,B1 / basement service floor,ORISON,B1,inspected,6,4,
B1_PUBLIC_CORE,B1 / basement service floor,ORISON,B1,inspected,5,3,
B1_BOILER_APPROACH,B1 / basement service floor,ORISON,B1,inspected,6,1,
B1_BOILER_ROOM,B1 / basement service floor,ORISON,B1,inspected,6,3,
B1_ELECTRICAL,B1 / basement service floor,ORISON,B1,inspected,6,3,
B1_ELECTRICAL_RECESS,B1 / basement service floor,ORISON,B1,partial,4,1,
B1_MAINTENANCE_SHOP,B1 / basement service floor,ORISON,B1,inspected,6,2,
B1_COAL_ROOM,B1 / basement service floor,ORISON,B1,inspected,6,3,
B1_RESIDENT_STORAGE,B1 / basement service floor,ORISON,B1,inspected,6,3,
B1_SERVICE_CORE,B1 / basement service floor,ORISON,B1,inspected,6,1,
BW_BUILDING_WIDE,BUILDING-WIDE / systemic findings and shared families,ORISON,,n/a (cross-cutting),0,23,
CITY_STREET,"STREET / facade, alley, subway approach",STREET,F01,inspected,8,7,
CITY_FACADE,"STREET / facade, alley, subway approach",STREET,F01,inspected,6,3,
CITY_ALLEY,"STREET / facade, alley, subway approach",STREET,F01,partial,10,4,
CITY_SUBWAY,"STREET / facade, alley, subway approach",STREET,F01,partial,1,3,
CITY_BODEGA,BODEGA,BODEGA,F01,inspected,8,5,
CITY_PASSAGE,VANTRY ARCADE (the Passage) / eleven shops,VANTRY,F01,unreviewed,0,3,
CITY_SHOP_MODEL_LAUNDRY,VANTRY ARCADE (the Passage) / eleven shops,VANTRY,F01,inspected,7,3,
CITY_SHOP_SHOE_REBUILDING,VANTRY ARCADE (the Passage) / eleven shops,VANTRY,F01,inspected,6,3,
CITY_SHOP_KEYS_CUT,VANTRY ARCADE (the Passage) / eleven shops,VANTRY,F01,inspected,6,3,
CITY_SHOP_HARDWARE_PAINT,VANTRY ARCADE (the Passage) / eleven shops,VANTRY,F01,inspected,7,2,
CITY_SHOP_FUNERAL_PARLOUR,VANTRY ARCADE (the Passage) / eleven shops,VANTRY,F01,inspected,7,4,
CITY_SHOP_LUNCHEONETTE,VANTRY ARCADE (the Passage) / eleven shops,VANTRY,F01,inspected,7,3,
CITY_SHOP_OTIS_SON,VANTRY ARCADE (the Passage) / eleven shops,VANTRY,F01,inspected,7,2,
CITY_SHOP_NEWS_CIGARS,VANTRY ARCADE (the Passage) / eleven shops,VANTRY,F01,inspected,6,3,
CITY_SHOP_PAWNBROKER,VANTRY ARCADE (the Passage) / eleven shops,VANTRY,F01,inspected,6,4,
CITY_SHOP_RADIO_SERVICE,VANTRY ARCADE (the Passage) / eleven shops,VANTRY,F01,inspected,6,3,
CITY_SHOP_PHOTO_SUPPLIES,VANTRY ARCADE (the Passage) / eleven shops,VANTRY,F01,inspected,6,2,
CITY_BAR_DESCENT,HARUKIYA,HARUKIYA,F01,inspected,9,4,
CITY_BAR_ROOM,HARUKIYA,HARUKIYA,F01,inspected,12,5,
CITY_BAR_STAGE,HARUKIYA,HARUKIYA,F01,inspected,2,2,
CITY_BAR_WC,HARUKIYA,HARUKIYA,F01,inspected,2,2,
F01_STREET_APRON,F01 / public and service,STREET,F01,inspected,6,2,
F01_REAR_APRON,F01 / public and service,STREET,F01,inspected,4,1,
F01_VESTIBULE,F01 / public and service,ORISON,F01,inspected,5,2,
F01_LOBBY,F01 / public and service,ORISON,F01,inspected,6,5,
F01_WATCH,F01 / public and service,ORISON,F01,inspected,6,2,
F01_MAIL_TELEPHONE,F01 / public and service,ORISON,F01,inspected,6,3,
F01_PACKAGE,F01 / public and service,ORISON,F01,inspected,5,1,
F01_COMMON_B,F01 / public and service,ORISON,F01,inspected,6,3,
F01_PUBLIC_CORE,F01 / public and service,ORISON,F01,inspected,6,3,
F01_CORE_TO_SERVICE,F01 / public and service,ORISON,F01,partial,3,1,
F01_SERVICE_HALL,F01 / public and service,ORISON,F01,inspected,6,2,
F01_SERVICE_CORE,F01 / public and service,ORISON,F01,inspected,4,3,
F01_STAFF_RESTROOM,F01 / public and service,ORISON,F01,inspected,6,1,
F01_A_VESTIBULE,F01 / 1A Evelyn Marsh,ORISON,F01,inspected,5,3,Evelyn Marsh
F01_A_MAIN,F01 / 1A Evelyn Marsh,ORISON,F01,inspected,6,6,Evelyn Marsh
F01_A_KITCHEN,F01 / 1A Evelyn Marsh,ORISON,F01,inspected,5,5,Evelyn Marsh
F01_A_PRIVATE_HALL,F01 / 1A Evelyn Marsh,ORISON,F01,inspected,6,1,Evelyn Marsh
F01_A_BATH,F01 / 1A Evelyn Marsh,ORISON,F01,inspected,5,3,Evelyn Marsh
F01_A_BED,F01 / 1A Evelyn Marsh,ORISON,F01,inspected,6,2,Evelyn Marsh
F01_A_STUDY,F01 / 1A Evelyn Marsh,ORISON,F01,inspected,6,3,Evelyn Marsh
F01_D_VESTIBULE,F01 / 1D Teresa Vale,ORISON,F01,inspected,6,3,Teresa Vale
F01_D_MAIN,F01 / 1D Teresa Vale,ORISON,F01,inspected,6,5,Teresa Vale
F01_D_KITCHEN,F01 / 1D Teresa Vale,ORISON,F01,inspected,6,4,Teresa Vale
F01_D_BED,F01 / 1D Teresa Vale,ORISON,F01,inspected,6,2,Teresa Vale
F01_D_PRIVATE_HALL,F01 / 1D Teresa Vale,ORISON,F01,inspected,6,2,Teresa Vale
F01_D_BATH,F01 / 1D Teresa Vale,ORISON,F01,inspected,6,3,Teresa Vale
F02_LANDING,F02 / circulation,ORISON,F02,partial,4,2,
F02_WEST_HALL,F02 / circulation,ORISON,F02,inspected,5,2,
F02_SOUTHWEST_HALL,F02 / circulation,ORISON,F02,inspected,6,2,
F02_PUBLIC_CORE,F02 / circulation,ORISON,F02,inspected,4,2,
F02_EAST_HALL,F02 / circulation,ORISON,F02,inspected,4,2,
F02_SERVICE_CROSSING,F02 / circulation,ORISON,F02,partial,4,1,
F02_SERVICE_HALL,F02 / circulation,ORISON,F02,partial,3,1,
F02_SERVICE_HALL_SOUTH,F02 / circulation,ORISON,F02,partial,3,1,
F02_SERVICE_CORE,F02 / circulation,ORISON,F02,inspected,3,3,
F02_A_VESTIBULE,F02 / 2A Mina Vale (Case 01),ORISON,F02,inspected,5,3,Mina Vale
F02_A_MAIN,F02 / 2A Mina Vale (Case 01),ORISON,F02,inspected,6,6,Mina Vale
F02_A_KITCHEN,F02 / 2A Mina Vale (Case 01),ORISON,F02,inspected,6,3,Mina Vale
F02_A_PRIVATE_HALL,F02 / 2A Mina Vale (Case 01),ORISON,F02,inspected,6,1,Mina Vale
F02_A_BATH,F02 / 2A Mina Vale (Case 01),ORISON,F02,inspected,6,2,Mina Vale
F02_A_BED,F02 / 2A Mina Vale (Case 01),ORISON,F02,inspected,6,3,Mina Vale
F02_B_VESTIBULE,F02 / 2B Lena Ortiz,ORISON,F02,inspected,6,3,Lena Ortiz
F02_B_MAIN,F02 / 2B Lena Ortiz,ORISON,F02,inspected,6,4,Lena Ortiz
F02_B_KITCHEN,F02 / 2B Lena Ortiz,ORISON,F02,inspected,6,3,Lena Ortiz
F02_B_PRIVATE_HALL,F02 / 2B Lena Ortiz,ORISON,F02,inspected,6,3,Lena Ortiz
F02_B_BED,F02 / 2B Lena Ortiz,ORISON,F02,inspected,6,1,Lena Ortiz
F02_B_BATH,F02 / 2B Lena Ortiz,ORISON,F02,inspected,6,2,Lena Ortiz
F02_C_VESTIBULE,F02 / 2C Juno Kells (case),ORISON,F02,inspected,5,2,Juno Kells
F02_C_MAIN,F02 / 2C Juno Kells (case),ORISON,F02,inspected,6,3,Juno Kells
F02_C_KITCHEN,F02 / 2C Juno Kells (case),ORISON,F02,inspected,6,4,Juno Kells
F02_C_PRIVATE_HALL,F02 / 2C Juno Kells (case),ORISON,F02,inspected,6,1,Juno Kells
F02_C_STUDIO,F02 / 2C Juno Kells (case),ORISON,F02,inspected,6,1,Juno Kells
F02_C_BATH,F02 / 2C Juno Kells (case),ORISON,F02,inspected,6,3,Juno Kells
F02_C_BED1,F02 / 2C Juno Kells (case),ORISON,F02,inspected,6,1,Juno Kells
F02_C_BED2,F02 / 2C Juno Kells (case),ORISON,F02,inspected,6,2,Juno Kells
F02_D_RESTRICTED,F02 / 2D sealed,ORISON,F02,inaccessible_teleported,6,2,sealed (no resident)
F03_PUBLIC_CORE,F03 / circulation,ORISON,F03,inspected,4,2,
F03_SERVICE_CORE,F03 / circulation,ORISON,F03,inspected,4,2,
F03_LANDING,F03 / circulation,ORISON,F03,partial,2,2,
F03_EAST_HALL,F03 / circulation,ORISON,F03,inspected,3,3,
F03_SERVICE_CROSSING,F03 / circulation,ORISON,F03,inspected,4,2,
F03_SERVICE_HALL,F03 / circulation,ORISON,F03,inspected,5,1,
F03_SERVICE_HALL_SOUTH,F03 / circulation,ORISON,F03,inspected,4,1,
F03_WEST_HALL,F03 / circulation,ORISON,F03,inspected,4,2,
F03_SOUTHWEST_HALL,F03 / circulation,ORISON,F03,inspected,6,3,
F03_A_VESTIBULE,F03 / 3A Malcolm Reed,ORISON,F03,inspected,4,2,Malcolm Reed
F03_A_MAIN,F03 / 3A Malcolm Reed,ORISON,F03,inspected,6,5,Malcolm Reed
F03_A_KITCHEN,F03 / 3A Malcolm Reed,ORISON,F03,inspected,6,4,Malcolm Reed
F03_A_PRIVATE_HALL,F03 / 3A Malcolm Reed,ORISON,F03,inspected,6,1,Malcolm Reed
F03_A_BATH,F03 / 3A Malcolm Reed,ORISON,F03,inspected,6,2,Malcolm Reed
F03_A_BED,F03 / 3A Malcolm Reed,ORISON,F03,inspected,6,1,Malcolm Reed
F03_B_VESTIBULE,F03 / 3B Omar Bell (case),ORISON,F03,inspected,4,2,Omar Bell
F03_B_MAIN,F03 / 3B Omar Bell (case),ORISON,F03,inspected,6,5,Omar Bell
F03_B_KITCHEN,F03 / 3B Omar Bell (case),ORISON,F03,inspected,6,4,Omar Bell
F03_B_PRIVATE_HALL,F03 / 3B Omar Bell (case),ORISON,F03,inspected,6,1,Omar Bell
F03_B_ALCOVE,F03 / 3B Omar Bell (case),ORISON,F03,inspected,6,2,Omar Bell
F03_B_BATH,F03 / 3B Omar Bell (case),ORISON,F03,inspected,6,2,Omar Bell
F03_D_VESTIBULE,F03 / 3D Rhea Sato (sanctioned expansion),ORISON,F03,inspected,5,2,Rhea Sato
F03_D_MAIN,F03 / 3D Rhea Sato (sanctioned expansion),ORISON,F03,inspected,6,4,Rhea Sato
F03_D_KITCHEN,F03 / 3D Rhea Sato (sanctioned expansion),ORISON,F03,inspected,5,4,Rhea Sato
F03_D_PRIVATE_HALL,F03 / 3D Rhea Sato (sanctioned expansion),ORISON,F03,inspected,6,1,Rhea Sato
F03_D_BATH,F03 / 3D Rhea Sato (sanctioned expansion),ORISON,F03,inspected,5,3,Rhea Sato
F03_D_BED,F03 / 3D Rhea Sato (sanctioned expansion),ORISON,F03,inspected,6,1,Rhea Sato
F03_D_STUDY,F03 / 3D Rhea Sato (sanctioned expansion),ORISON,F03,inspected,6,2,Rhea Sato
F03_C_RESTRICTED,F03 / 3C sealed,ORISON,F03,inaccessible_teleported,6,2,sealed (no resident)
F04_LANDING,F04 / circulation,ORISON,F04,partial,4,3,
F04_WEST_HALL,F04 / circulation,ORISON,F04,inspected,5,3,
F04_SOUTHWEST_HALL,F04 / circulation,ORISON,F04,inspected,6,3,
F04_PUBLIC_CORE,F04 / circulation,ORISON,F04,partial,4,3,
F04_EAST_HALL,F04 / circulation,ORISON,F04,inspected,3,3,
F04_SERVICE_CROSSING,F04 / circulation,ORISON,F04,partial,4,2,
F04_SERVICE_HALL,F04 / circulation,ORISON,F04,partial,3,1,
F04_SERVICE_HALL_SOUTH,F04 / circulation,ORISON,F04,partial,3,1,
F04_SERVICE_CORE,F04 / circulation,ORISON,F04,partial,3,2,
F04_A_VESTIBULE,"F04 / 4A Peter Wren (Case 02, ordained)",ORISON,F04,inspected,4,4,Peter Wren
F04_A_MAIN,"F04 / 4A Peter Wren (Case 02, ordained)",ORISON,F04,inspected,6,5,Peter Wren
F04_A_KITCHEN,"F04 / 4A Peter Wren (Case 02, ordained)",ORISON,F04,inspected,6,3,Peter Wren
F04_A_PRIVATE_HALL,"F04 / 4A Peter Wren (Case 02, ordained)",ORISON,F04,inspected,6,2,Peter Wren
F04_A_BATH,"F04 / 4A Peter Wren (Case 02, ordained)",ORISON,F04,inspected,6,3,Peter Wren
F04_A_BED,"F04 / 4A Peter Wren (Case 02, ordained)",ORISON,F04,inspected,6,1,Peter Wren
F04_B_VESTIBULE,F04 / 4B the player,ORISON,F04,inspected,5,3,the player (night maintenance)
F04_B_MAIN,F04 / 4B the player,ORISON,F04,inspected,6,4,the player (night maintenance)
F04_B_KITCHEN,F04 / 4B the player,ORISON,F04,inspected,6,4,the player (night maintenance)
F04_B_PRIVATE_HALL,F04 / 4B the player,ORISON,F04,inspected,6,1,the player (night maintenance)
F04_B_ALCOVE_APPROACH,F04 / 4B the player,ORISON,F04,inspected,5,2,the player (night maintenance)
F04_B_BATH,F04 / 4B the player,ORISON,F04,inspected,6,3,the player (night maintenance)
F04_B_CLOSET,F04 / 4B the player,ORISON,F04,inspected,6,3,the player (night maintenance)
F04_B_ALCOVE,F04 / 4B the player,ORISON,F04,inspected,6,2,the player (night maintenance)
F04_C_VESTIBULE,F04 / 4C Cam Ortiz and Noel Price,ORISON,F04,inspected,5,2,Cam Ortiz and Noel Price
F04_C_MAIN,F04 / 4C Cam Ortiz and Noel Price,ORISON,F04,inspected,6,5,Cam Ortiz and Noel Price
F04_C_KITCHEN,F04 / 4C Cam Ortiz and Noel Price,ORISON,F04,inspected,6,4,Cam Ortiz and Noel Price
F04_C_PRIVATE_HALL,F04 / 4C Cam Ortiz and Noel Price,ORISON,F04,inspected,6,1,Cam Ortiz and Noel Price
F04_C_STUDIO,F04 / 4C Cam Ortiz and Noel Price,ORISON,F04,inspected,6,1,Cam Ortiz and Noel Price
F04_C_BATH,F04 / 4C Cam Ortiz and Noel Price,ORISON,F04,inspected,6,2,Cam Ortiz and Noel Price
F04_C_BED1,F04 / 4C Cam Ortiz and Noel Price,ORISON,F04,inspected,6,1,Cam Ortiz and Noel Price
F04_C_BED2,F04 / 4C Cam Ortiz and Noel Price,ORISON,F04,inspected,6,1,Cam Ortiz and Noel Price
F04_D_VESTIBULE,F04 / 4D Transient Guests,ORISON,F04,inspected,4,3,Transient Guests
F04_D_MAIN,F04 / 4D Transient Guests,ORISON,F04,inspected,6,4,Transient Guests
F04_D_KITCHEN,F04 / 4D Transient Guests,ORISON,F04,partial,4,5,Transient Guests
F04_D_PRIVATE_HALL,F04 / 4D Transient Guests,ORISON,F04,inspected,6,1,Transient Guests
F04_D_BATH,F04 / 4D Transient Guests,ORISON,F04,inspected,4,3,Transient Guests
F04_D_BED,F04 / 4D Transient Guests,ORISON,F04,inspected,6,1,Transient Guests
F04_D_STUDY,F04 / 4D Transient Guests,ORISON,F04,inaccessible_teleported,6,2,Transient Guests
F05_PUBLIC_CORE,F05 / circulation,ORISON,F05,partial,4,4,
F05_SERVICE_CORE,F05 / circulation,ORISON,F05,partial,3,2,
F05_SERVICE_HALL,F05 / circulation,ORISON,F05,inspected,3,1,
F05_EAST_HALL,F05 / circulation,ORISON,F05,inspected,3,2,
F05_SERVICE_CROSSING,F05 / circulation,ORISON,F05,inspected,4,2,
F05_SERVICE_HALL_SOUTH,F05 / circulation,ORISON,F05,inspected,3,1,
F05_WEST_HALL,F05 / circulation,ORISON,F05,inspected,6,4,
F05_A_VESTIBULE,F05 / 5A Nadia Quell (sanctioned expansion; Management),ORISON,F05,inspected,5,3,Nadia Quell
F05_A_MAIN,F05 / 5A Nadia Quell (sanctioned expansion; Management),ORISON,F05,inspected,6,6,Nadia Quell
F05_A_KITCHEN,F05 / 5A Nadia Quell (sanctioned expansion; Management),ORISON,F05,inspected,6,3,Nadia Quell
F05_A_PRIVATE_HALL,F05 / 5A Nadia Quell (sanctioned expansion; Management),ORISON,F05,inspected,6,1,Nadia Quell
F05_A_BATH,F05 / 5A Nadia Quell (sanctioned expansion; Management),ORISON,F05,inspected,6,3,Nadia Quell
F05_A_BED,F05 / 5A Nadia Quell (sanctioned expansion; Management),ORISON,F05,inspected,6,1,Nadia Quell
F05_A_STUDY,F05 / 5A Nadia Quell (sanctioned expansion; Management),ORISON,F05,inspected,6,2,Nadia Quell
F05_B_VESTIBULE,F05 / 5B Cal Dwyer (case),ORISON,F05,inspected,6,3,Cal Dwyer
F05_B_MAIN,F05 / 5B Cal Dwyer (case),ORISON,F05,inspected,6,6,Cal Dwyer
F05_B_KITCHEN,F05 / 5B Cal Dwyer (case),ORISON,F05,inspected,6,4,Cal Dwyer
F05_B_PRIVATE_HALL,F05 / 5B Cal Dwyer (case),ORISON,F05,inspected,6,1,Cal Dwyer
F05_B_ALCOVE,F05 / 5B Cal Dwyer (case),ORISON,F05,inspected,6,1,Cal Dwyer
F05_B_BATH,F05 / 5B Cal Dwyer (case),ORISON,F05,inspected,6,3,Cal Dwyer
F05_C_VESTIBULE,F05 / 5C Iris Bell,ORISON,F05,inspected,5,3,Iris Bell
F05_C_MAIN,F05 / 5C Iris Bell,ORISON,F05,inspected,6,4,Iris Bell
F05_C_KITCHEN,F05 / 5C Iris Bell,ORISON,F05,inspected,6,4,Iris Bell
F05_C_PRIVATE_HALL,F05 / 5C Iris Bell,ORISON,F05,inspected,6,1,Iris Bell
F05_C_STUDIO,F05 / 5C Iris Bell,ORISON,F05,inspected,6,1,Iris Bell
F05_C_BATH,F05 / 5C Iris Bell,ORISON,F05,inspected,6,3,Iris Bell
F05_C_BED1,F05 / 5C Iris Bell,ORISON,F05,inspected,6,2,Iris Bell
F05_C_BED2,F05 / 5C Iris Bell,ORISON,F05,inspected,6,2,Iris Bell
F05_D_RESTRICTED,F05 / 5D fire-damaged,ORISON,F05,inaccessible_teleported,6,3,"vacant, fire damaged"
F06_PUBLIC_CORE,F06 / circulation,ORISON,F06,inspected,4,3,
F06_SERVICE_CORE,F06 / circulation,ORISON,F06,partial,3,2,
F06_SERVICE_HALL,F06 / circulation,ORISON,F06,partial,3,1,
F06_EAST_HALL,F06 / circulation,ORISON,F06,inspected,3,2,
F06_SERVICE_CROSSING,F06 / circulation,ORISON,F06,inspected,4,1,
F06_SERVICE_HALL_SOUTH,F06 / circulation,ORISON,F06,partial,3,1,
F06_WEST_HALL,F06 / circulation,ORISON,F06,inspected,5,2,
F06_A_VESTIBULE,F06 / 6A Sacha Reed,ORISON,F06,inspected,5,2,Sacha Reed
F06_A_MAIN,F06 / 6A Sacha Reed,ORISON,F06,inspected,6,4,Sacha Reed
F06_A_KITCHEN,F06 / 6A Sacha Reed,ORISON,F06,inspected,6,3,Sacha Reed
F06_A_PRIVATE_HALL,F06 / 6A Sacha Reed,ORISON,F06,inspected,6,1,Sacha Reed
F06_A_BATH,F06 / 6A Sacha Reed,ORISON,F06,inspected,6,3,Sacha Reed
F06_A_BED,F06 / 6A Sacha Reed,ORISON,F06,inspected,6,1,Sacha Reed
F06_A_STUDY,F06 / 6A Sacha Reed,ORISON,F06,inspected,6,3,Sacha Reed
F06_B_VESTIBULE,F06 / 6B Jonah Price,ORISON,F06,inspected,6,2,Jonah Price
F06_B_MAIN,F06 / 6B Jonah Price,ORISON,F06,inspected,6,3,Jonah Price
F06_B_KITCHEN,F06 / 6B Jonah Price,ORISON,F06,inspected,6,3,Jonah Price
F06_B_PRIVATE_HALL,F06 / 6B Jonah Price,ORISON,F06,inspected,6,1,Jonah Price
F06_B_ALCOVE,F06 / 6B Jonah Price,ORISON,F06,inspected,6,1,Jonah Price
F06_B_BATH,F06 / 6B Jonah Price,ORISON,F06,inspected,6,2,Jonah Price
F06_C_VESTIBULE,F06 / 6C Mae Kessler (case),ORISON,F06,inspected,5,3,Mae Kessler
F06_C_MAIN,F06 / 6C Mae Kessler (case),ORISON,F06,inspected,6,5,Mae Kessler
F06_C_KITCHEN,F06 / 6C Mae Kessler (case),ORISON,F06,inspected,6,3,Mae Kessler
F06_C_PRIVATE_HALL,F06 / 6C Mae Kessler (case),ORISON,F06,inspected,6,1,Mae Kessler
F06_C_STUDIO,F06 / 6C Mae Kessler (case),ORISON,F06,inspected,6,1,Mae Kessler
F06_C_BATH,F06 / 6C Mae Kessler (case),ORISON,F06,inspected,6,2,Mae Kessler
F06_C_BED1,F06 / 6C Mae Kessler (case),ORISON,F06,inspected,6,1,Mae Kessler
F06_C_BED2,F06 / 6C Mae Kessler (case),ORISON,F06,inspected,6,2,Mae Kessler
F06_D_RESTRICTED,F06 / 6D landlord storage,ORISON,F06,inaccessible_teleported,5,2,landlord storage
ROOF_PUBLIC_CORE,ROOF,ORISON,ROOF,inspected,6,4,
ROOF_SERVICE_CORE,ROOF,ORISON,ROOF,partial,4,3,
ROOF_DECK_WEST,ROOF,ORISON,ROOF,inspected,6,5,
ROOF_DECK_SOUTH,ROOF,ORISON,ROOF,inspected,5,2,
ROOF_DECK_NORTH,ROOF,ORISON,ROOF,partial,4,2,
ROOF_DECK_MIDDLE,ROOF,ORISON,ROOF,partial,4,2,
ROOF_DECK_EAST,ROOF,ORISON,ROOF,partial,4,3,
ROOF_DECK_SOUTHEAST,ROOF,ORISON,ROOF,partial,3,2,
ROOF_DECK_NORTHEAST,ROOF,ORISON,ROOF,partial,3,2,
