station,yaw,pitch,granted,in_frustum_expected,culled_visible,missing_box,missing_centre,s0,s1,s2,s3,s4,s5
lobby,0,-20,63,30,74,0,0,0.011,0.036,0.090,0.079,0.142,0.171
lobby,30,-20,63,28,66,0,0,0.023,0.199,0.092,0.135,0.127,0.239
lobby,60,-20,63,25,59,0,0,0.204,0.192,0.290,0.150,0.339,0.328
lobby,90,-20,63,23,52,3,0,0.166,0.180,0.320,0.139,0.245,0.290
lobby,120,-20,63,24,45,0,0,0.234,0.237,0.122,0.284,0.143,0.256
lobby,150,-20,63,36,68,0,0,0.273,0.211,0.231,0.095,0.186,0.142
lobby,180,-20,63,38,77,1,0,0.091,0.218,0.140,0.181,0.125,0.097
lobby,210,-20,63,40,82,0,0,0.340,0.169,0.308,0.192,0.119,0.243
lobby,240,-20,63,39,79,0,0,0.080,0.273,0.175,0.298,0.250,0.079
lobby,270,-20,63,29,51,0,0,0.295,0.152,0.283,0.469,0.365,0.171
lobby,300,-20,63,29,52,0,0,0.485,0.255,0.175,0.459,0.467,0.204
lobby,330,-20,63,33,60,0,0,0.274,0.479,0.198,0.322,0.484,0.303
lobby,0,0,63,32,101,0,0,0.006,0.125,0.133,0.010,0.069,0.199
lobby,30,0,63,30,87,0,0,0.004,0.010,0.056,0.007,0.018,0.050
lobby,60,0,63,24,73,1,0,0.006,0.005,0.018,0.085,0.052,0.009
lobby,90,0,63,20,57,0,0,0.209,0.166,0.373,0.148,0.196,0.244
lobby,120,0,63,21,40,1,0,0.271,0.229,0.153,0.219,0.178,0.193
lobby,150,0,63,33,67,0,0,0.340,0.247,0.204,0.186,0.188,0.221
lobby,180,0,63,37,76,0,0,0.103,0.291,0.231,0.104,0.207,0.167
lobby,210,0,63,39,78,1,0,0.317,0.178,0.333,0.306,0.103,0.281
lobby,240,0,63,34,72,0,0,0.187,0.252,0.260,0.097,0.219,0.109
lobby,270,0,63,30,56,0,0,0.420,0.234,0.232,0.281,0.158,0.245
lobby,300,0,63,30,66,0,0,0.604,0.361,0.198,0.415,0.238,0.148
lobby,330,0,63,34,78,0,0,0.025,0.251,0.007,0.024,0.186,0.018
lobby,0,20,63,34,130,0,0,0.003,0.237,0.266,0.008,0.032,0.100
lobby,30,20,63,32,113,0,0,0.003,0.006,0.437,0.006,0.013,0.037
lobby,60,20,63,29,105,0,0,0.001,0.003,0.012,0.019,0.006,0.010
lobby,90,20,63,23,69,3,0,0.000,0.004,0.028,0.000,0.042,0.010
lobby,120,20,63,25,50,0,0,0.363,0.237,0.231,0.233,0.204,0.117
lobby,150,20,63,36,68,0,0,0.227,0.285,0.176,0.293,0.218,0.224
lobby,180,20,63,38,76,1,0,0.262,0.306,0.230,0.124,0.292,0.201
lobby,210,20,63,41,83,0,0,0.289,0.265,0.322,0.329,0.162,0.301
lobby,240,20,63,39,78,0,0,0.003,0.005,0.001,0.008,0.059,0.000
lobby,270,20,63,33,69,0,0,0.652,0.434,0.224,0.261,0.129,0.276
lobby,300,20,63,34,84,0,0,0.383,0.157,0.001,0.104,0.014,0.016
lobby,330,20,64,38,105,0,0,0.009,0.362,0.003,0.028,0.092,0.007
atrium eye,0,-20,64,22,32,2,0,0.241,0.267,0.022,0.142,0.116,0.030
atrium eye,30,-20,63,21,34,0,0,0.222,0.266,0.258,0.257,0.115,0.100
atrium eye,60,-20,64,25,49,0,0,0.064,0.084,0.111,0.096,0.063,0.076
atrium eye,90,-20,64,28,50,2,0,0.064,0.060,0.078,0.079,0.076,0.063
atrium eye,120,-20,64,38,69,0,0,0.164,0.066,0.082,0.152,0.098,0.067
atrium eye,150,-20,64,49,94,0,0,0.026,0.072,0.059,0.107,0.082,0.084
atrium eye,180,-20,64,55,94,3,0,0.014,0.053,0.065,0.215,0.145,0.075
atrium eye,210,-20,64,54,100,0,0,0.028,0.021,0.065,0.038,0.276,0.092
atrium eye,240,-20,64,42,83,0,0,0.065,0.027,0.012,0.030,0.223,0.158
atrium eye,270,-20,63,31,48,1,0,0.053,0.119,0.019,0.013,0.056,0.193
atrium eye,300,-20,64,26,40,0,0,0.077,0.208,0.225,0.078,0.060,0.117
atrium eye,330,-20,64,21,28,0,0,0.326,0.085,0.351,0.145,0.065,0.110
atrium eye,0,0,63,17,35,0,0,0.189,0.270,0.004,0.213,0.221,0.035
atrium eye,30,0,64,18,42,0,0,0.063,0.090,0.116,0.064,0.081,0.099
atrium eye,60,0,64,24,62,1,0,0.061,0.061,0.097,0.060,0.068,0.091
atrium eye,90,0,64,25,59,0,0,0.090,0.060,0.069,0.066,0.059,0.082
atrium eye,120,0,64,35,69,0,0,0.191,0.077,0.061,0.160,0.069,0.057
atrium eye,150,0,64,45,95,1,0,0.039,0.055,0.059,0.077,0.062,0.061
atrium eye,180,0,64,52,94,0,0,0.038,0.048,0.091,0.029,0.080,0.060
atrium eye,210,0,64,53,98,1,0,0.070,0.042,0.061,0.022,0.058,0.100
atrium eye,240,0,64,40,88,0,0,0.141,0.084,0.036,0.044,0.040,0.036
atrium eye,270,0,64,30,52,0,0,0.057,0.186,0.090,0.033,0.066,0.033
atrium eye,300,0,64,25,41,1,0,0.082,0.196,0.321,0.076,0.109,0.107
atrium eye,330,0,64,16,26,0,0,0.285,0.092,0.390,0.278,0.081,0.234
atrium eye,0,20,64,24,52,3,0,0.044,0.086,0.030,0.089,0.116,0.001
atrium eye,30,20,64,24,62,0,0,0.059,0.060,0.097,0.063,0.079,0.103
atrium eye,60,20,64,27,83,0,0,0.059,0.061,0.115,0.055,0.062,0.090
atrium eye,90,20,64,29,82,2,0,0.077,0.069,0.047,0.064,0.058,0.066
atrium eye,120,20,64,39,85,0,0,0.064,0.096,0.060,0.074,0.065,0.058
atrium eye,150,20,64,52,106,0,0,0.067,0.106,0.069,0.015,0.063,0.059
atrium eye,180,20,64,57,96,3,0,0.130,0.126,0.117,0.015,0.045,0.064
atrium eye,210,20,64,57,110,0,0,0.201,0.160,0.063,0.034,0.019,0.040
atrium eye,240,20,64,44,96,0,0,0.238,0.207,0.077,0.068,0.028,0.014
atrium eye,270,20,64,34,64,1,0,0.025,0.258,0.117,0.050,0.059,0.021
atrium eye,300,20,64,29,56,0,0,0.128,0.155,0.194,0.060,0.089,0.135
atrium eye,330,20,64,23,39,0,0,0.131,0.051,0.337,0.232,0.050,0.308
corridor F04,0,-20,58,35,101,0,0,0.010,0.092,0.025,0.066,0.189,0.142
corridor F04,30,-20,58,38,115,0,0,0.017,0.025,0.107,0.036,0.132,0.186
corridor F04,60,-20,58,35,104,0,0,0.022,0.018,0.024,0.017,0.050,0.183
corridor F04,90,-20,58,40,100,1,0,0.023,0.043,0.013,0.008,0.014,0.074
corridor F04,120,-20,58,41,81,0,0,0.002,0.030,0.030,0.001,0.007,0.024
corridor F04,150,-20,58,34,72,0,0,0.000,0.004,0.025,0.003,0.004,0.010
corridor F04,180,-20,58,32,70,0,0,0.010,0.000,0.007,0.027,0.002,0.009
corridor F04,210,-20,58,28,65,0,0,0.010,0.007,0.000,0.062,0.011,0.001
corridor F04,240,-20,58,17,44,0,0,0.011,0.011,0.004,0.093,0.040,0.002
corridor F04,270,-20,58,17,33,0,0,0.137,0.149,0.137,0.236,0.168,0.107
corridor F04,300,-20,58,23,54,0,0,0.052,0.019,0.011,0.186,0.115,0.061
corridor F04,330,-20,58,29,63,0,0,0.089,0.045,0.010,0.193,0.163,0.093
corridor F04,0,0,58,35,93,0,0,0.010,0.257,0.012,0.034,0.148,0.105
corridor F04,30,0,58,37,112,0,0,0.030,0.060,0.229,0.016,0.088,0.134
corridor F04,60,0,58,35,102,0,0,0.190,0.023,0.038,0.024,0.024,0.111
corridor F04,90,0,58,34,80,0,0,0.036,0.124,0.010,0.013,0.023,0.011
corridor F04,120,0,58,39,62,0,0,0.001,0.097,0.087,0.000,0.013,0.028
corridor F04,150,0,58,31,67,0,0,0.000,0.008,0.162,0.000,0.003,0.019
corridor F04,180,0,58,28,62,0,0,0.010,0.001,0.013,0.016,0.000,0.002
corridor F04,210,0,58,24,52,0,0,0.011,0.006,0.000,0.028,0.013,0.000
corridor F04,240,0,58,13,35,0,0,0.175,0.175,0.044,0.164,0.144,0.026
corridor F04,270,0,58,13,28,0,0,0.161,0.184,0.161,0.189,0.168,0.133
corridor F04,300,0,58,21,50,0,0,0.078,0.010,0.011,0.126,0.078,0.037
corridor F04,330,0,58,28,60,0,0,0.194,0.095,0.010,0.135,0.123,0.054
corridor F04,0,20,58,34,81,0,0,0.014,0.305,0.027,0.010,0.086,0.026
corridor F04,30,20,58,35,94,0,0,0.046,0.130,0.311,0.018,0.021,0.095
corridor F04,60,20,57,33,80,0,0,0.156,0.027,0.278,0.041,0.018,0.011
corridor F04,90,20,57,30,66,1,0,0.020,0.066,0.010,0.022,0.061,0.010
corridor F04,120,20,57,23,37,0,0,0.009,0.061,0.097,0.010,0.052,0.062
corridor F04,150,20,57,29,47,0,0,0.004,0.010,0.196,0.000,0.004,0.030
corridor F04,180,20,57,23,43,0,0,0.010,0.004,0.020,0.010,0.000,0.007
corridor F04,210,20,57,12,31,0,0,0.210,0.078,0.007,0.149,0.077,0.002
corridor F04,240,20,57,12,28,0,0,0.210,0.182,0.021,0.151,0.143,0.043
corridor F04,270,20,57,17,25,0,0,0.181,0.238,0.180,0.139,0.152,0.138
corridor F04,300,20,57,23,44,0,0,0.373,0.033,0.011,0.048,0.011,0.011
corridor F04,330,20,57,29,51,0,0,0.218,0.189,0.011,0.080,0.048,0.010
apartment 4B,0,-20,57,16,36,1,0,0.279,0.282,0.220,0.132,0.180,0.244
apartment 4B,30,-20,57,13,32,0,0,0.155,0.271,0.310,0.110,0.151,0.220
apartment 4B,60,-20,57,10,26,0,0,0.193,0.192,0.253,0.074,0.135,0.136
apartment 4B,90,-20,57,12,24,0,0,0.175,0.158,0.211,0.095,0.100,0.126
apartment 4B,120,-20,57,21,37,0,0,0.162,0.153,0.159,0.127,0.084,0.109
apartment 4B,150,-20,57,37,83,0,0,0.079,0.076,0.134,0.094,0.038,0.043
apartment 4B,180,-20,57,47,106,0,0,0.115,0.080,0.091,0.113,0.071,0.023
apartment 4B,210,-20,57,52,127,0,0,0.069,0.113,0.071,0.033,0.098,0.061
apartment 4B,240,-20,57,50,129,0,0,0.141,0.089,0.101,0.188,0.068,0.083
apartment 4B,270,-20,57,37,90,0,0,0.207,0.102,0.117,0.161,0.104,0.105
apartment 4B,300,-20,57,34,77,0,0,0.172,0.201,0.050,0.099,0.173,0.046
apartment 4B,330,-20,57,24,46,0,0,0.205,0.202,0.226,0.112,0.170,0.185
apartment 4B,0,0,57,12,30,0,0,0.419,0.320,0.235,0.111,0.187,0.207
apartment 4B,30,0,57,9,23,0,0,0.409,0.410,0.303,0.082,0.118,0.254
apartment 4B,60,0,57,10,21,0,0,0.300,0.471,0.404,0.100,0.116,0.103
apartment 4B,90,0,57,12,22,0,0,0.090,0.340,0.493,0.136,0.089,0.124
apartment 4B,120,0,57,16,30,0,0,0.065,0.202,0.287,0.170,0.117,0.081
apartment 4B,150,0,57,34,72,0,0,0.108,0.032,0.236,0.146,0.081,0.080
apartment 4B,180,0,57,46,104,0,0,0.137,0.090,0.026,0.128,0.108,0.079
apartment 4B,210,0,57,52,120,0,0,0.064,0.135,0.052,0.058,0.119,0.122
apartment 4B,240,0,57,49,133,0,0,0.154,0.096,0.115,0.149,0.079,0.153
apartment 4B,270,0,57,36,83,0,0,0.206,0.103,0.132,0.197,0.098,0.110
apartment 4B,300,0,57,33,78,0,0,0.214,0.205,0.053,0.160,0.194,0.051
apartment 4B,330,0,57,24,41,1,0,0.345,0.218,0.206,0.094,0.211,0.199
apartment 4B,0,20,57,17,33,1,0,0.490,0.251,0.306,0.282,0.292,0.220
apartment 4B,30,20,57,12,31,0,0,0.458,0.301,0.297,0.163,0.277,0.301
apartment 4B,60,20,57,10,20,0,0,0.341,0.417,0.280,0.195,0.209,0.269
apartment 4B,90,20,57,12,22,0,0,0.118,0.362,0.475,0.168,0.173,0.240
apartment 4B,120,20,57,13,27,0,0,0.154,0.281,0.479,0.166,0.164,0.153
apartment 4B,150,20,57,36,63,0,0,0.186,0.136,0.292,0.083,0.084,0.134
apartment 4B,180,20,57,46,95,0,0,0.152,0.158,0.087,0.120,0.090,0.104
apartment 4B,210,20,57,52,121,0,0,0.036,0.171,0.089,0.068,0.118,0.081
apartment 4B,240,20,57,44,106,0,0,0.202,0.091,0.181,0.141,0.087,0.105
apartment 4B,270,20,57,35,69,0,0,0.191,0.116,0.152,0.206,0.102,0.115
apartment 4B,300,20,57,33,69,0,0,0.245,0.218,0.052,0.179,0.200,0.050
apartment 4B,330,20,57,23,41,0,0,0.276,0.225,0.198,0.245,0.197,0.225
roof,0,-20,32,10,86,0,0,0.029,0.053,0.062,0.021,0.023,0.025
roof,30,-20,32,10,63,0,0,0.027,0.038,0.054,0.009,0.021,0.030
roof,60,-20,32,7,40,0,0,0.032,0.029,0.045,0.028,0.013,0.022
roof,90,-20,32,2,11,0,0,0.042,0.029,0.033,0.045,0.040,0.041
roof,120,-20,32,14,22,0,0,0.022,0.040,0.030,0.026,0.059,0.022
roof,150,-20,32,20,38,0,0,0.042,0.031,0.038,0.012,0.028,0.025
roof,180,-20,32,22,47,0,0,0.033,0.034,0.033,0.031,0.011,0.035
roof,210,-20,32,23,52,0,0,0.044,0.035,0.031,0.030,0.018,0.021
roof,240,-20,32,25,67,0,0,0.032,0.043,0.035,0.010,0.027,0.012
roof,270,-20,32,17,64,0,0,0.032,0.036,0.041,0.026,0.015,0.030
roof,300,-20,32,13,63,0,0,0.070,0.030,0.037,0.025,0.014,0.034
roof,330,-20,32,13,91,0,0,0.054,0.058,0.024,0.023,0.024,0.008
roof,0,0,32,7,45,0,0,0.055,0.072,0.068,0.022,0.039,0.055
roof,30,0,32,7,34,0,0,0.043,0.064,0.056,0.019,0.034,0.047
roof,60,0,32,2,15,0,0,0.045,0.054,0.052,0.033,0.024,0.038
roof,90,0,32,2,10,0,0,0.061,0.048,0.052,0.039,0.029,0.024
roof,120,0,32,1,7,0,0,0.061,0.060,0.043,0.018,0.045,0.011
roof,150,0,32,7,13,0,0,0.077,0.069,0.050,0.015,0.025,0.047
roof,180,0,32,17,37,0,0,0.077,0.086,0.060,0.030,0.017,0.035
roof,210,0,32,16,40,0,0,0.064,0.096,0.067,0.050,0.018,0.013
roof,240,0,32,12,31,0,0,0.064,0.082,0.081,0.018,0.049,0.017
roof,270,0,32,8,30,0,0,0.066,0.071,0.073,0.030,0.034,0.041
roof,300,0,32,11,35,0,0,0.061,0.074,0.061,0.064,0.029,0.041
roof,330,0,32,10,52,0,0,0.054,0.078,0.062,0.041,0.047,0.019
roof,0,20,32,5,11,0,0,0.072,0.093,0.096,0.030,0.053,0.073
roof,30,20,32,5,10,0,0,0.056,0.087,0.093,0.029,0.037,0.055
roof,60,20,32,1,2,0,0,0.065,0.072,0.090,0.030,0.029,0.038
roof,90,20,32,1,2,0,0,0.083,0.067,0.073,0.046,0.029,0.034
roof,120,20,32,2,5,0,0,0.106,0.083,0.057,0.020,0.042,0.029
roof,150,20,32,0,3,0,0,0.140,0.107,0.066,0.044,0.030,0.040
roof,180,20,32,1,4,0,0,0.134,0.138,0.083,0.028,0.036,0.029
roof,210,20,32,2,5,0,0,0.101,0.157,0.105,0.044,0.036,0.033
roof,240,20,32,5,8,0,0,0.096,0.140,0.139,0.033,0.045,0.036
roof,270,20,32,7,12,0,0,0.098,0.116,0.135,0.035,0.037,0.044
roof,300,20,32,7,16,0,0,0.092,0.103,0.103,0.077,0.033,0.036
roof,330,20,32,5,18,0,0,0.087,0.096,0.092,0.056,0.066,0.024
harukiya,0,-20,46,38,114,0,0,0.006,0.000,0.014,0.000,0.000,0.000
harukiya,30,-20,46,42,113,0,0,0.008,0.005,0.000,0.007,0.000,0.000
harukiya,60,-20,46,36,81,0,0,0.028,0.013,0.003,0.006,0.001,0.000
harukiya,90,-20,46,20,30,0,0,0.235,0.134,0.127,0.179,0.150,0.108
harukiya,120,-20,46,18,26,0,0,0.124,0.227,0.089,0.098,0.175,0.133
harukiya,150,-20,46,17,27,0,0,0.433,0.171,0.188,0.157,0.109,0.311
harukiya,180,-20,46,11,27,0,0,0.419,0.302,0.201,0.119,0.110,0.173
harukiya,210,-20,46,10,31,0,0,0.007,0.436,0.219,0.001,0.115,0.098
harukiya,240,-20,46,11,33,0,0,0.026,0.116,0.513,0.076,0.057,0.141
harukiya,270,-20,46,13,29,3,0,0.192,0.020,0.191,0.256,0.071,0.129
harukiya,300,-20,46,20,43,0,0,0.068,0.117,0.004,0.249,0.237,0.000
harukiya,330,-20,46,35,98,0,0,0.000,0.017,0.018,0.000,0.000,0.000
harukiya,0,0,46,40,159,0,0,0.006,0.000,0.046,0.001,0.000,0.001
harukiya,30,0,46,44,161,0,0,0.038,0.002,0.000,0.012,0.001,0.000
harukiya,60,0,46,38,123,0,0,0.048,0.023,0.001,0.016,0.006,0.000
harukiya,90,0,46,20,30,0,0,0.257,0.107,0.068,0.264,0.212,0.129
harukiya,120,0,46,18,26,0,0,0.224,0.201,0.074,0.089,0.276,0.163
harukiya,150,0,46,16,24,0,0,0.506,0.274,0.177,0.305,0.141,0.315
harukiya,180,0,46,10,26,0,0,0.417,0.415,0.278,0.281,0.196,0.154
harukiya,210,0,46,9,28,0,0,0.026,0.440,0.289,0.001,0.262,0.136
harukiya,240,0,46,9,29,1,0,0.042,0.160,0.508,0.034,0.075,0.329
harukiya,270,0,46,10,32,0,0,0.144,0.043,0.246,0.130,0.020,0.148
harukiya,300,0,46,18,47,2,0,0.161,0.081,0.016,0.160,0.080,0.001
harukiya,330,0,46,37,148,0,0,0.000,0.022,0.003,0.000,0.001,0.000
harukiya,0,20,46,40,159,0,0,0.002,0.000,0.004,0.005,0.000,0.046
harukiya,30,20,46,44,165,0,0,0.030,0.000,0.000,0.014,0.004,0.000
harukiya,60,20,46,39,125,0,0,0.025,0.006,0.000,0.029,0.017,0.003
harukiya,90,20,46,20,33,0,0,0.251,0.085,0.086,0.244,0.135,0.126
harukiya,120,20,46,19,29,0,0,0.420,0.171,0.057,0.092,0.224,0.093
harukiya,150,20,46,17,28,0,0,0.473,0.338,0.121,0.454,0.161,0.185
harukiya,180,20,46,12,28,0,0,0.288,0.437,0.247,0.425,0.307,0.209
harukiya,210,20,46,11,33,0,0,0.084,0.380,0.420,0.003,0.447,0.217
harukiya,240,20,46,12,34,0,0,0.035,0.224,0.498,0.013,0.114,0.529
harukiya,270,20,46,13,35,3,0,0.178,0.141,0.303,0.144,0.011,0.190
harukiya,300,20,46,26,73,0,0,0.000,0.000,0.000,0.009,0.017,0.000
harukiya,330,20,46,38,158,0,0,0.000,0.000,0.001,0.000,0.024,0.004
arcade cluster,0,-20,63,37,121,1,0,0.000,0.000,0.000,0.000,0.000,0.000
arcade cluster,30,-20,63,34,109,0,0,0.005,0.000,0.000,0.000,0.000,0.000
arcade cluster,60,-20,63,32,70,0,0,0.022,0.003,0.000,0.002,0.000,0.000
arcade cluster,90,-20,63,15,23,0,0,0.118,0.016,0.000,0.089,0.001,0.000
arcade cluster,120,-20,63,18,24,0,0,0.180,0.093,0.010,0.246,0.028,0.000
arcade cluster,150,-20,63,26,37,0,0,0.073,0.159,0.067,0.074,0.095,0.012
arcade cluster,180,-20,63,32,52,0,0,0.000,0.062,0.084,0.000,0.008,0.006
arcade cluster,210,-20,63,29,52,0,0,0.001,0.016,0.079,0.000,0.006,0.004
arcade cluster,240,-20,63,29,52,0,0,0.000,0.000,0.024,0.000,0.000,0.021
arcade cluster,270,-20,63,32,57,0,0,0.000,0.000,0.001,0.000,0.000,0.000
arcade cluster,300,-20,63,36,65,0,0,0.000,0.000,0.001,0.000,0.000,0.000
arcade cluster,330,-20,63,38,116,0,0,0.000,0.000,0.000,0.000,0.000,0.000
arcade cluster,0,0,63,37,152,0,0,0.000,0.000,0.000,0.000,0.000,0.000
arcade cluster,30,0,63,32,144,0,0,0.004,0.000,0.000,0.004,0.000,0.000
arcade cluster,60,0,63,32,106,1,0,0.002,0.002,0.000,0.001,0.001,0.000
arcade cluster,90,0,63,15,20,0,0,0.090,0.007,0.000,0.128,0.009,0.000
arcade cluster,120,0,63,14,19,0,0,0.104,0.049,0.005,0.214,0.074,0.004
arcade cluster,150,0,63,26,36,0,0,0.037,0.089,0.030,0.106,0.175,0.054
arcade cluster,180,0,63,30,49,0,0,0.001,0.049,0.112,0.000,0.033,0.036
arcade cluster,210,0,63,27,48,0,0,0.000,0.011,0.076,0.000,0.016,0.045
arcade cluster,240,0,63,29,52,0,0,0.001,0.001,0.026,0.000,0.000,0.032
arcade cluster,270,0,63,31,53,0,0,0.000,0.001,0.001,0.000,0.000,0.000
arcade cluster,300,0,63,36,84,0,0,0.000,0.001,0.001,0.000,0.000,0.000
arcade cluster,330,0,63,38,149,0,0,0.000,0.000,0.001,0.000,0.000,0.000
arcade cluster,0,20,63,37,152,0,0,0.002,0.003,0.003,0.000,0.000,0.000
arcade cluster,30,20,63,36,148,0,0,0.001,0.002,0.000,0.005,0.000,0.000
arcade cluster,60,20,63,33,110,0,0,0.001,0.001,0.000,0.004,0.003,0.000
arcade cluster,90,20,63,16,24,1,0,0.055,0.001,0.001,0.130,0.016,0.000
arcade cluster,120,20,63,15,20,0,0,0.046,0.011,0.001,0.177,0.095,0.009
arcade cluster,150,20,63,26,36,0,0,0.012,0.023,0.003,0.082,0.164,0.068
arcade cluster,180,20,63,30,48,0,0,0.000,0.014,0.047,0.000,0.067,0.093
arcade cluster,210,20,63,27,49,0,0,0.001,0.004,0.049,0.000,0.015,0.082
arcade cluster,240,20,63,29,52,0,0,0.001,0.001,0.017,0.000,0.000,0.024
arcade cluster,270,20,63,32,54,0,0,0.001,0.001,0.000,0.000,0.000,0.000
arcade cluster,300,20,63,39,88,0,0,0.001,0.001,0.001,0.000,0.000,0.001
arcade cluster,330,20,63,39,154,0,0,0.000,0.002,0.001,0.000,0.000,0.000
passage throat,0,-20,63,35,125,0,0,0.005,0.021,0.003,0.001,0.001,0.001
passage throat,30,-20,63,44,134,0,0,0.001,0.007,0.030,0.001,0.001,0.001
passage throat,60,-20,63,44,120,0,0,0.226,0.176,0.045,0.114,0.179,0.163
passage throat,90,-20,63,32,58,0,0,0.158,0.227,0.166,0.124,0.162,0.130
passage throat,120,-20,63,37,53,0,0,0.081,0.168,0.229,0.167,0.168,0.124
passage throat,150,-20,63,35,58,0,0,0.140,0.110,0.196,0.165,0.196,0.116
passage throat,180,-20,63,24,43,0,0,0.096,0.156,0.091,0.132,0.208,0.124
passage throat,210,-20,63,20,38,0,0,0.198,0.108,0.147,0.119,0.195,0.165
passage throat,240,-20,63,19,35,0,0,0.229,0.172,0.073,0.122,0.173,0.166
passage throat,270,-20,63,11,14,0,0,0.167,0.227,0.168,0.130,0.169,0.135
passage throat,300,-20,63,12,14,0,0,0.062,0.176,0.226,0.183,0.174,0.122
passage throat,330,-20,63,26,49,0,0,0.046,0.080,0.207,0.163,0.198,0.124
passage throat,0,0,63,33,148,0,0,0.004,0.016,0.002,0.001,0.002,0.001
passage throat,30,0,63,40,155,0,0,0.001,0.004,0.031,0.000,0.002,0.001
passage throat,60,0,63,44,161,0,0,0.001,0.001,0.008,0.000,0.001,0.004
passage throat,90,0,63,31,65,0,0,0.195,0.291,0.201,0.084,0.114,0.088
passage throat,120,0,63,35,51,0,0,0.174,0.222,0.286,0.093,0.106,0.134
passage throat,150,0,63,33,56,0,0,0.206,0.169,0.255,0.125,0.104,0.118
passage throat,180,0,63,21,39,0,0,0.139,0.224,0.138,0.088,0.137,0.075
passage throat,210,0,63,20,37,0,0,0.255,0.171,0.214,0.124,0.109,0.127
passage throat,240,0,63,17,33,0,0,0.285,0.222,0.179,0.133,0.117,0.093
passage throat,270,0,63,11,15,0,0,0.204,0.290,0.195,0.088,0.116,0.099
passage throat,300,0,63,11,13,0,0,0.153,0.229,0.282,0.081,0.111,0.128
passage throat,330,0,63,28,69,0,0,0.014,0.010,0.061,0.003,0.001,0.018
passage throat,0,20,63,34,148,1,0,0.002,0.010,0.002,0.005,0.016,0.002
passage throat,30,20,63,41,156,0,0,0.001,0.004,0.011,0.001,0.006,0.033
passage throat,60,20,63,47,161,0,0,0.001,0.002,0.009,0.000,0.001,0.010
passage throat,90,20,63,37,83,0,0,0.195,0.272,0.205,0.148,0.218,0.156
passage throat,120,20,63,37,53,0,0,0.281,0.272,0.263,0.100,0.170,0.230
passage throat,150,20,63,34,57,0,0,0.301,0.336,0.266,0.150,0.115,0.197
passage throat,180,20,63,21,39,0,0,0.206,0.407,0.206,0.098,0.163,0.092
passage throat,210,20,63,20,38,0,0,0.265,0.338,0.302,0.200,0.111,0.156
passage throat,240,20,63,19,35,0,0,0.262,0.272,0.284,0.230,0.175,0.089
passage throat,270,20,63,12,19,0,0,0.204,0.273,0.195,0.158,0.217,0.158
passage throat,300,20,63,12,15,0,0,0.311,0.275,0.258,0.065,0.180,0.218
passage throat,330,20,63,30,80,0,0,0.009,0.005,0.001,0.013,0.010,0.001
